{"cameraMode":{"drawMode":0,"name":"Shaded","section":"Shading Mode"},"sceneLighting":true,"audioPlay":false,"sceneViewState":{"m_AlwaysRefresh":false,"showFog":true,"showSkybox":true,"showFlares":true,"showImageEffects":true,"showParticleSystems":true,"showVisualEffectGraphs":true,"m_FxEnabled":true},"in2DMode":false,"pivot":{"x":115.01910400390625,"y":-13.351009368896485,"z":31.518783569335939},"rotation":{"x":0.1537533402442932,"y":0.14204953610897065,"z":-0.022341663017868997,"w":0.9775899648666382},"size":12.12435531616211,"orthographic":false}