{"cameraMode":{"drawMode":0,"name":"Shaded","section":"Shading Mode"},"sceneLighting":true,"audioPlay":false,"sceneViewState":{"m_AlwaysRefresh":false,"showFog":true,"showSkybox":true,"showFlares":true,"showImageEffects":true,"showParticleSystems":true,"showVisualEffectGraphs":true,"m_FxEnabled":true},"in2DMode":false,"pivot":{"x":-17.208816528320314,"y":6.894603252410889,"z":-2.846135139465332},"rotation":{"x":0.04965049400925636,"y":0.5882630348205566,"z":-0.036224864423274997,"w":0.8063158392906189},"size":1.4682046175003052,"orthographic":false}