{"cameraMode":{"drawMode":0,"name":"Shaded","section":"Shading Mode"},"sceneLighting":true,"audioPlay":false,"sceneViewState":{"m_AlwaysRefresh":false,"showFog":true,"showSkybox":true,"showFlares":true,"showImageEffects":true,"showParticleSystems":true,"showVisualEffectGraphs":true,"m_FxEnabled":true},"in2DMode":false,"pivot":{"x":40.43695831298828,"y":-27.92397117614746,"z":34.452938079833987},"rotation":{"x":0.15109901130199433,"y":-0.3668871223926544,"z":0.060528021305799487,"w":0.9159122109413147},"size":74.22427368164063,"orthographic":false}